{
  "_b690fbd8-801a-47ad-8280-c2c247538c82_a:14fO6fckYEJauTWNbvC-512h-lbP2-NBb6qe3C05H5dbMRZlnCImLAEmAVw1PyDvpXGjRsyPExpjGfIkSIpZOfaICQh5QX0VKXY581-fxZhl5nCQt8GohZjdo6ErvcxV4": {
    "ActivityId": "f:1b6d915f-9cae-4da8-e9a1-fc09fab40cda",
    "User": {
      "Id": "29:19xDzUajvVYCDdznySOIyvsWDdSa5JcEtyHkCMe83uORn0JOyp6EY_Y8rtaW9kzQYGa12uqZKgumUTH_sWv5Uhw",
      "Name": null,
      "AadObjectId": "0842b2b7-e4be-47ab-ad89-624ce05a8b5a",
      "Properties": {},
      "Role": null
    },
    "Bot": {
      "Id": "28:8abef7ec-cc60-4bb4-9ebd-fccdc4624d81",
      "Name": "MyApprovalsHubBot-local-debug",
      "AadObjectId": null,
      "Properties": {},
      "Role": null
    },
    "Conversation": {
      "IsGroup": null,
      "ConversationType": "personal",
      "Id": "a:14fO6fckYEJauTWNbvC-512h-lbP2-NBb6qe3C05H5dbMRZlnCImLAEmAVw1PyDvpXGjRsyPExpjGfIkSIpZOfaICQh5QX0VKXY581-fxZhl5nCQt8GohZjdo6ErvcxV4",
      "Name": null,
      "AadObjectId": null,
      "Properties": {},
      "Role": null,
      "TenantId": "b690fbd8-801a-47ad-8280-c2c247538c82"
    },
    "ChannelId": "msteams",
    "Locale": "en-US",
    "ServiceUrl": "https://smba.trafficmanager.net/amer/"
  }
}