{
  "$schema": "http://adaptivecards.io/schemas/adaptive-card.json",
  "type": "AdaptiveCard",
  "version": "1.5",
  "body": [
    {
      "type": "Container",
      "style": "emphasis",
      "items": [
        {
          "type": "ColumnSet",
          "columns": [
            {
              "type": "Column",
              "items": [
                {
                  "type": "TextBlock",
                  "size": "Large",
                  "weight": "Bolder",
                  "text": "**Change Request**",
                  "style": "heading"
                }
              ],
              "width": "stretch"
            },
            {
              "type": "Column",
              "items": [
                {
                  "type": "TextBlock",
                  "text": "${status}",
                  "horizontalAlignment": "Right",
                  "spacing": "None",
                  "size": "Large",
                  "color": "Default",
                  "wrap": true
                }
              ],
              "width": "auto"
            }
          ]
        }
      ],
      "bleed": true
    },
    {
      "type": "Container",
      "items": [
        {
          "type": "ColumnSet",
          "columns": [
            {
              "type": "Column",
              "items": [
                {
                  "type": "TextBlock",
                  "size": "Large",
                  "text": "${shortdescription}",
                  "wrap": true,
                  "style": "heading"
                }
              ],
              "width": "stretch"
            }
          ]
        },
        {
          "type": "TextBlock",
          "spacing": "Small",
          "size": "Large",
          "weight": "Bolder",
          "text": "[${number}](https://adaptivecards.io)"
        },
        {
          "type": "TextBlock",
          "spacing": "Small",
          "size": "Medium",
          "weight": "Bolder",
          "text": "[${description}](https://adaptivecards.io)",
          "wrap": true,
          "color": "Default"
        },
        {
          "type": "FactSet",
          "spacing": "Large",
          "facts": [
            {
              "title": "Submitted By",
              "value": "**${requestorname}**  ${requestoremail}"
            },
            {
              "title": "Submitted On",
              "value": "${formatDateTime(openedat, 'yyyy-MM-dd')}"
            },
            {
              "title": "${status} By",
              "value": "**${approvername}**  ${approveremail}"
            },
            {
              "title": "${status} On",
              "value": "${formatDateTime(approvedondate, 'yyyy-MM-dd')}"
            }
          ],
          "separator": true
        }
      ]
    },
    {
      "type": "Container",
      "items": [
        {
          "type": "ActionSet",
          "actions": [
            {
              "type": "Action.Submit",
              "title": "View Details",
              "style": "positive",
              "url": "${notificationUrl}"
            }
          ]
        }
      ]
    }
  ]
}